<?xml version="1.0" encoding="UTF-8"?>
<project-private xmlns="http://www.netbeans.org/ns/project-private/1">
    <editor-bookmarks xmlns="http://www.netbeans.org/ns/editor-bookmarks/2" lastBookmarkId="0"/>
    <open-files xmlns="http://www.netbeans.org/ns/projectui-open-files/2">
        <group>
            <file>file:/C:/Users/Devcon/Desktop/Special%20Projects/Allan%20Gray%20Project/TwitterNewsFeed/src/twitter/news/feed/Followers.java</file>
            <file>file:/C:/Users/Devcon/Desktop/Special%20Projects/Allan%20Gray%20Project/TwitterNewsFeed/src/twitter/news/feed/User.java</file>
            <file>file:/C:/Users/Devcon/Desktop/Special%20Projects/Allan%20Gray%20Project/TwitterNewsFeed/src/twitter/news/feed/TwitterNewsFeed.java</file>
            <file>file:/C:/Users/Devcon/Desktop/Special%20Projects/Allan%20Gray%20Project/TwitterNewsFeed/src/twitter/news/feed/user.txt</file>
        </group>
    </open-files>
</project-private>
